{
  "name": "common error logger",
  "description": "When there is a trigger event, do action",
  "version": 11,
  "private": false,
  "concurrency": 1,
  "code": {
    "number": 0,
    "provider": "workato_pub_sub",
    "name": "subscribe_to_topic",
    "as": "7b7ecc85",
    "title": null,
    "description": "New <span class=\"provider\">message</span> in <span class=\"provider\">Common error Logger</span> PubSub topic",
    "keyword": "trigger",
    "dynamicPickListSelection": {
      "topic_id": "Common error Logger"
    },
    "toggleCfg": {
    },
    "input": {
      "since_offset": "-3600",
      "topic_id": {
        "zip_name": "common_error_logger.topic.json",
        "name": "Common error Logger",
        "folder": ""
      }
    },
    "extended_output_schema": [
      {
        "label": "Message",
        "name": "message",
        "properties": [
          {
            "control_type": "text",
            "label": "Log level",
            "name": "LogLevel",
            "optional": false,
            "type": "string"
          },
          {
            "control_type": "text",
            "label": "Recipe",
            "name": "RecipeName",
            "optional": false,
            "type": "string"
          },
          {
            "name": "ErrorDescription",
            "type": "array",
            "of": "object",
            "label": "Error description",
            "optional": false,
            "properties": [
              {
                "control_type": "text",
                "label": "Error message",
                "name": "Error_Message",
                "optional": false,
                "type": "string"
              },
              {
                "control_type": "text",
                "label": "Error type",
                "name": "Error_Type",
                "optional": false,
                "type": "string"
              },
              {
                "control_type": "text",
                "label": "RetryCount",
                "parse_output": "integer_conversion",
                "name": "RetryCount",
                "optional": false,
                "type": "integer"
              },
              {
                "control_type": "text",
                "label": "Recipe URL",
                "name": "RecipeURL",
                "optional": false,
                "type": "string"
              },
              {
                "control_type": "text",
                "label": "Job URL",
                "name": "JobURL",
                "optional": false,
                "type": "string"
              },
              {
                "control_type": "text",
                "label": "Job created at",
                "name": "JobCreatedAt",
                "optional": false,
                "type": "string"
              },
              {
                "control_type": "text",
                "label": "Correlational ID",
                "name": "correlational_id",
                "optional": false,
                "type": "string"
              }
            ]
          }
        ],
        "type": "object"
      }
    ],
    "block": [
      {
        "number": 1,
        "provider": "logger",
        "name": "log_message",
        "as": "2bdd14e8",
        "title": null,
        "description": "Log <span class=\"provider\">message</span> to <span class=\"provider\">Job report</span>",
        "keyword": "action",
        "dynamicPickListSelection": {
        },
        "toggleCfg": {
        },
        "input": {
          "message": "=_('data.workato_pub_sub.7b7ecc85.message')"
        },
        "uuid": "c26db82d-0b3d-452b-b385-e7aeb2c9885d"
      },
      {
        "number": 2,
        "provider": "service_now",
        "name": "create_object",
        "as": "458af354",
        "title": "Create record in Incident ",
        "description": "Create <span class=\"provider\">record</span> in <span class=\"provider\">Incident</span> table  in <span class=\"provider\">ServiceNow</span>",
        "keyword": "action",
        "dynamicPickListSelection": {
          "table": "Incident"
        },
        "toggleCfg": {
          "table": true
        },
        "input": {
          "table": "incident~Incident",
          "row": {
            "caller_id": "#{_('data.workato.job_context.user_name')}",
            "problem_id": "#{_('data.workato_pub_sub.7b7ecc85.message.ErrorDescription.first.Error_Type')}",
            "description": "=_('data.workato_pub_sub.7b7ecc85.message.ErrorDescription')",
            "short_description": "#{_('data.workato_pub_sub.7b7ecc85.message.ErrorDescription.first.Error_Message')}",
            "correlation_id": "#{_('data.workato_pub_sub.7b7ecc85.message.ErrorDescription.first.correlational_id')}",
            "due_date": "#{_('data.workato_pub_sub.7b7ecc85.message.ErrorDescription.first.JobCreatedAt')}",
            "category": "#{_('data.workato_pub_sub.7b7ecc85.message.LogLevel')}"
          }
        },
        "extended_output_schema": [
          {
            "control_type": "number",
            "custom": false,
            "label": "Business resolve time",
            "name": "business_stc",
            "optional": true,
            "type": "integer",
            "parse_output": "integer_conversion"
          },
          {
            "control_type": "number",
            "custom": false,
            "label": "Resolve time",
            "name": "calendar_stc",
            "optional": true,
            "type": "integer",
            "parse_output": "integer_conversion"
          },
          {
            "custom": false,
            "label": "Caller",
            "name": "caller_id",
            "optional": true,
            "properties": [
              {
                "control_type": "url",
                "label": "Link",
                "optional": true,
                "type": "string",
                "name": "link"
              },
              {
                "control_type": "text",
                "label": "Value",
                "optional": true,
                "type": "string",
                "name": "value"
              }
            ],
            "type": "object"
          },
          {
            "control_type": "text",
            "custom": false,
            "label": "Category",
            "name": "category",
            "optional": true,
            "type": "string"
          },
          {
            "custom": false,
            "label": "Caused by Change",
            "name": "caused_by",
            "optional": true,
            "properties": [
              {
                "control_type": "url",
                "label": "Link",
                "optional": true,
                "type": "string",
                "name": "link"
              },
              {
                "control_type": "text",
                "label": "Value",
                "optional": true,
                "type": "string",
                "name": "value"
              }
            ],
            "type": "object"
          },
          {
            "control_type": "number",
            "custom": false,
            "label": "Child Incidents",
            "name": "child_incidents",
            "optional": true,
            "type": "integer",
            "parse_output": "integer_conversion"
          },
          {
            "control_type": "text",
            "custom": false,
            "label": "Close code",
            "name": "close_code",
            "optional": true,
            "type": "string"
          },
          {
            "control_type": "number",
            "custom": false,
            "label": "On hold reason",
            "name": "hold_reason",
            "optional": true,
            "type": "integer",
            "parse_output": "integer_conversion"
          },
          {
            "control_type": "number",
            "custom": false,
            "label": "Incident state",
            "name": "incident_state",
            "optional": true,
            "type": "integer",
            "parse_output": "integer_conversion"
          },
          {
            "control_type": "number",
            "custom": false,
            "label": "Notify",
            "name": "notify",
            "optional": true,
            "type": "integer",
            "parse_output": "integer_conversion"
          },
          {
            "custom": false,
            "label": "Parent Incident",
            "name": "parent_incident",
            "optional": true,
            "properties": [
              {
                "control_type": "url",
                "label": "Link",
                "optional": true,
                "type": "string",
                "name": "link"
              },
              {
                "control_type": "text",
                "label": "Value",
                "optional": true,
                "type": "string",
                "name": "value"
              }
            ],
            "type": "object"
          },
          {
            "custom": false,
            "label": "Problem",
            "name": "problem_id",
            "optional": true,
            "properties": [
              {
                "control_type": "url",
                "label": "Link",
                "optional": true,
                "type": "string",
                "name": "link"
              },
              {
                "control_type": "text",
                "label": "Value",
                "optional": true,
                "type": "string",
                "name": "value"
              }
            ],
            "type": "object"
          },
          {
            "custom": false,
            "label": "Last reopened by",
            "name": "reopened_by",
            "optional": true,
            "properties": [
              {
                "control_type": "url",
                "label": "Link",
                "optional": true,
                "type": "string",
                "name": "link"
              },
              {
                "control_type": "text",
                "label": "Value",
                "optional": true,
                "type": "string",
                "name": "value"
              }
            ],
            "type": "object"
          },
          {
            "control_type": "date_time",
            "custom": false,
            "label": "Last reopened at",
            "name": "reopened_time",
            "optional": true,
            "type": "date_time",
            "parse_output": "parse_servicenow_utc_time",
            "render_input": "render_servicenow_utc_time"
          },
          {
            "control_type": "number",
            "custom": false,
            "label": "Reopen count",
            "name": "reopen_count",
            "optional": true,
            "type": "integer",
            "parse_output": "integer_conversion"
          },
          {
            "control_type": "date_time",
            "custom": false,
            "label": "Resolved",
            "name": "resolved_at",
            "optional": true,
            "type": "date_time",
            "parse_output": "parse_servicenow_utc_time",
            "render_input": "render_servicenow_utc_time"
          },
          {
            "custom": false,
            "label": "Resolved by",
            "name": "resolved_by",
            "optional": true,
            "properties": [
              {
                "control_type": "url",
                "label": "Link",
                "optional": true,
                "type": "string",
                "name": "link"
              },
              {
                "control_type": "text",
                "label": "Value",
                "optional": true,
                "type": "string",
                "name": "value"
              }
            ],
            "type": "object"
          },
          {
            "custom": false,
            "label": "Change Request",
            "name": "rfc",
            "optional": true,
            "properties": [
              {
                "control_type": "url",
                "label": "Link",
                "optional": true,
                "type": "string",
                "name": "link"
              },
              {
                "control_type": "text",
                "label": "Value",
                "optional": true,
                "type": "string",
                "name": "value"
              }
            ],
            "type": "object"
          },
          {
            "control_type": "number",
            "custom": false,
            "label": "Severity",
            "name": "severity",
            "optional": true,
            "type": "integer",
            "parse_output": "integer_conversion"
          },
          {
            "control_type": "text",
            "custom": false,
            "label": "Subcategory",
            "name": "subcategory",
            "optional": true,
            "type": "string"
          },
          {
            "control_type": "text",
            "custom": false,
            "label": "Sys ID",
            "name": "sys_id",
            "optional": true,
            "type": "string",
            "key_scope": "incident~Incident"
          },
          {
            "control_type": "checkbox",
            "custom": false,
            "label": "Active",
            "name": "active",
            "optional": true,
            "toggle_field": {
              "label": "Active",
              "control_type": "text",
              "toggle_hint": "Use custom value",
              "custom": false,
              "optional": true,
              "type": "boolean",
              "name": "active"
            },
            "toggle_hint": "Select from option list",
            "type": "boolean",
            "parse_output": {
            },
            "render_input": {
            }
          },
          {
            "control_type": "text",
            "custom": false,
            "label": "Activity due",
            "name": "activity_due",
            "optional": true,
            "type": "string"
          },
          {
            "custom": false,
            "label": "Additional assignee list",
            "name": "additional_assignee_list",
            "optional": true,
            "properties": [
              {
                "control_type": "url",
                "label": "Link",
                "optional": true,
                "type": "string",
                "name": "link"
              },
              {
                "control_type": "text",
                "label": "Value",
                "optional": true,
                "type": "string",
                "name": "value"
              }
            ],
            "type": "object"
          },
          {
            "control_type": "text",
            "custom": false,
            "label": "Approval",
            "name": "approval",
            "optional": true,
            "type": "string"
          },
          {
            "control_type": "text",
            "custom": false,
            "label": "Approval history",
            "name": "approval_history",
            "optional": true,
            "type": "string"
          },
          {
            "control_type": "date_time",
            "custom": false,
            "label": "Approval set",
            "name": "approval_set",
            "optional": true,
            "type": "date_time",
            "parse_output": "parse_servicenow_utc_time",
            "render_input": "render_servicenow_utc_time"
          },
          {
            "custom": false,
            "label": "Assigned to",
            "name": "assigned_to",
            "optional": true,
            "properties": [
              {
                "control_type": "url",
                "label": "Link",
                "optional": true,
                "type": "string",
                "name": "link"
              },
              {
                "control_type": "text",
                "label": "Value",
                "optional": true,
                "type": "string",
                "name": "value"
              }
            ],
            "type": "object"
          },
          {
            "custom": false,
            "label": "Assignment group",
            "name": "assignment_group",
            "optional": true,
            "properties": [
              {
                "control_type": "url",
                "label": "Link",
                "optional": true,
                "type": "string",
                "name": "link"
              },
              {
                "control_type": "text",
                "label": "Value",
                "optional": true,
                "type": "string",
                "name": "value"
              }
            ],
            "type": "object"
          },
          {
            "control_type": "text",
            "custom": false,
            "label": "Business duration",
            "name": "business_duration",
            "optional": true,
            "type": "string"
          },
          {
            "custom": false,
            "label": "Service",
            "name": "business_service",
            "optional": true,
            "properties": [
              {
                "control_type": "url",
                "label": "Link",
                "optional": true,
                "type": "string",
                "name": "link"
              },
              {
                "control_type": "text",
                "label": "Value",
                "optional": true,
                "type": "string",
                "name": "value"
              }
            ],
            "type": "object"
          },
          {
            "control_type": "text",
            "custom": false,
            "label": "Duration",
            "name": "calendar_duration",
            "optional": true,
            "type": "string"
          },
          {
            "control_type": "date_time",
            "custom": false,
            "label": "Closed",
            "name": "closed_at",
            "optional": true,
            "type": "date_time",
            "parse_output": "parse_servicenow_utc_time",
            "render_input": "render_servicenow_utc_time"
          },
          {
            "custom": false,
            "label": "Closed by",
            "name": "closed_by",
            "optional": true,
            "properties": [
              {
                "control_type": "url",
                "label": "Link",
                "optional": true,
                "type": "string",
                "name": "link"
              },
              {
                "control_type": "text",
                "label": "Value",
                "optional": true,
                "type": "string",
                "name": "value"
              }
            ],
            "type": "object"
          },
          {
            "control_type": "text",
            "custom": false,
            "label": "Close notes",
            "name": "close_notes",
            "optional": true,
            "type": "string"
          },
          {
            "custom": false,
            "label": "Configuration item",
            "name": "cmdb_ci",
            "optional": true,
            "properties": [
              {
                "control_type": "url",
                "label": "Link",
                "optional": true,
                "type": "string",
                "name": "link"
              },
              {
                "control_type": "text",
                "label": "Value",
                "optional": true,
                "type": "string",
                "name": "value"
              }
            ],
            "type": "object"
          },
          {
            "control_type": "text",
            "custom": false,
            "label": "Additional comments",
            "name": "comments",
            "optional": true,
            "type": "string"
          },
          {
            "control_type": "text",
            "custom": false,
            "label": "Comments and Work notes",
            "name": "comments_and_work_notes",
            "optional": true,
            "type": "string"
          },
          {
            "custom": false,
            "label": "Company",
            "name": "company",
            "optional": true,
            "properties": [
              {
                "control_type": "url",
                "label": "Link",
                "optional": true,
                "type": "string",
                "name": "link"
              },
              {
                "control_type": "text",
                "label": "Value",
                "optional": true,
                "type": "string",
                "name": "value"
              }
            ],
            "type": "object"
          },
          {
            "control_type": "text",
            "custom": false,
            "label": "Contact type",
            "name": "contact_type",
            "optional": true,
            "type": "string"
          },
          {
            "custom": false,
            "label": "Contract",
            "name": "contract",
            "optional": true,
            "properties": [
              {
                "control_type": "url",
                "label": "Link",
                "optional": true,
                "type": "string",
                "name": "link"
              },
              {
                "control_type": "text",
                "label": "Value",
                "optional": true,
                "type": "string",
                "name": "value"
              }
            ],
            "type": "object"
          },
          {
            "control_type": "text",
            "custom": false,
            "label": "Correlation display",
            "name": "correlation_display",
            "optional": true,
            "type": "string"
          },
          {
            "control_type": "text",
            "custom": false,
            "label": "Correlation ID",
            "name": "correlation_id",
            "optional": true,
            "type": "string"
          },
          {
            "custom": false,
            "label": "Delivery plan",
            "name": "delivery_plan",
            "optional": true,
            "properties": [
              {
                "control_type": "url",
                "label": "Link",
                "optional": true,
                "type": "string",
                "name": "link"
              },
              {
                "control_type": "text",
                "label": "Value",
                "optional": true,
                "type": "string",
                "name": "value"
              }
            ],
            "type": "object"
          },
          {
            "custom": false,
            "label": "Delivery task",
            "name": "delivery_task",
            "optional": true,
            "properties": [
              {
                "control_type": "url",
                "label": "Link",
                "optional": true,
                "type": "string",
                "name": "link"
              },
              {
                "control_type": "text",
                "label": "Value",
                "optional": true,
                "type": "string",
                "name": "value"
              }
            ],
            "type": "object"
          },
          {
            "control_type": "text",
            "custom": false,
            "label": "Description",
            "name": "description",
            "optional": true,
            "type": "string"
          },
          {
            "control_type": "date_time",
            "custom": false,
            "label": "Due date",
            "name": "due_date",
            "optional": true,
            "type": "date_time",
            "parse_output": "parse_servicenow_utc_time",
            "render_input": "render_servicenow_utc_time"
          },
          {
            "control_type": "number",
            "custom": false,
            "label": "Escalation",
            "name": "escalation",
            "optional": true,
            "type": "integer",
            "parse_output": "integer_conversion"
          },
          {
            "control_type": "date_time",
            "custom": false,
            "label": "Expected start",
            "name": "expected_start",
            "optional": true,
            "type": "date_time",
            "parse_output": "parse_servicenow_utc_time",
            "render_input": "render_servicenow_utc_time"
          },
          {
            "control_type": "date_time",
            "custom": false,
            "label": "Follow up",
            "name": "follow_up",
            "optional": true,
            "type": "date_time",
            "parse_output": "parse_servicenow_utc_time",
            "render_input": "render_servicenow_utc_time"
          },
          {
            "custom": false,
            "label": "Group list",
            "name": "group_list",
            "optional": true,
            "properties": [
              {
                "control_type": "url",
                "label": "Link",
                "optional": true,
                "type": "string",
                "name": "link"
              },
              {
                "control_type": "text",
                "label": "Value",
                "optional": true,
                "type": "string",
                "name": "value"
              }
            ],
            "type": "object"
          },
          {
            "control_type": "number",
            "custom": false,
            "label": "Impact",
            "name": "impact",
            "optional": true,
            "type": "integer",
            "parse_output": "integer_conversion"
          },
          {
            "control_type": "checkbox",
            "custom": false,
            "label": "Knowledge",
            "name": "knowledge",
            "optional": true,
            "toggle_field": {
              "label": "Knowledge",
              "control_type": "text",
              "toggle_hint": "Use custom value",
              "custom": false,
              "optional": true,
              "type": "boolean",
              "name": "knowledge"
            },
            "toggle_hint": "Select from option list",
            "type": "boolean",
            "parse_output": {
            },
            "render_input": {
            }
          },
          {
            "custom": false,
            "label": "Location",
            "name": "location",
            "optional": true,
            "properties": [
              {
                "control_type": "url",
                "label": "Link",
                "optional": true,
                "type": "string",
                "name": "link"
              },
              {
                "control_type": "text",
                "label": "Value",
                "optional": true,
                "type": "string",
                "name": "value"
              }
            ],
            "type": "object"
          },
          {
            "control_type": "checkbox",
            "custom": false,
            "label": "Made SLA",
            "name": "made_sla",
            "optional": true,
            "toggle_field": {
              "label": "Made SLA",
              "control_type": "text",
              "toggle_hint": "Use custom value",
              "custom": false,
              "optional": true,
              "type": "boolean",
              "name": "made_sla"
            },
            "toggle_hint": "Select from option list",
            "type": "boolean",
            "parse_output": {
            },
            "render_input": {
            }
          },
          {
            "control_type": "text",
            "custom": false,
            "label": "Number",
            "name": "number",
            "optional": true,
            "type": "string"
          },
          {
            "control_type": "date_time",
            "custom": false,
            "label": "Opened",
            "name": "opened_at",
            "optional": true,
            "type": "date_time",
            "parse_output": "parse_servicenow_utc_time",
            "render_input": "render_servicenow_utc_time"
          },
          {
            "custom": false,
            "label": "Opened by",
            "name": "opened_by",
            "optional": true,
            "properties": [
              {
                "control_type": "url",
                "label": "Link",
                "optional": true,
                "type": "string",
                "name": "link"
              },
              {
                "control_type": "text",
                "label": "Value",
                "optional": true,
                "type": "string",
                "name": "value"
              }
            ],
            "type": "object"
          },
          {
            "control_type": "number",
            "custom": false,
            "label": "Order",
            "name": "order",
            "optional": true,
            "type": "integer",
            "parse_output": "integer_conversion"
          },
          {
            "custom": false,
            "label": "Parent",
            "name": "parent",
            "optional": true,
            "properties": [
              {
                "control_type": "url",
                "label": "Link",
                "optional": true,
                "type": "string",
                "name": "link"
              },
              {
                "control_type": "text",
                "label": "Value",
                "optional": true,
                "type": "string",
                "name": "value"
              }
            ],
            "type": "object"
          },
          {
            "control_type": "number",
            "custom": false,
            "label": "Priority",
            "name": "priority",
            "optional": true,
            "type": "integer",
            "parse_output": "integer_conversion"
          },
          {
            "control_type": "number",
            "custom": false,
            "label": "Reassignment count",
            "name": "reassignment_count",
            "optional": true,
            "type": "integer",
            "parse_output": "integer_conversion"
          },
          {
            "control_type": "number",
            "custom": false,
            "label": "Transfer reason",
            "name": "route_reason",
            "optional": true,
            "type": "integer",
            "parse_output": "integer_conversion"
          },
          {
            "custom": false,
            "label": "Service offering",
            "name": "service_offering",
            "optional": true,
            "properties": [
              {
                "control_type": "url",
                "label": "Link",
                "optional": true,
                "type": "string",
                "name": "link"
              },
              {
                "control_type": "text",
                "label": "Value",
                "optional": true,
                "type": "string",
                "name": "value"
              }
            ],
            "type": "object"
          },
          {
            "control_type": "text",
            "custom": false,
            "label": "Short description",
            "name": "short_description",
            "optional": true,
            "type": "string"
          },
          {
            "control_type": "text",
            "custom": false,
            "label": "SLA due",
            "name": "sla_due",
            "optional": true,
            "type": "string"
          },
          {
            "control_type": "number",
            "custom": false,
            "label": "State",
            "name": "state",
            "optional": true,
            "type": "integer",
            "parse_output": "integer_conversion"
          },
          {
            "control_type": "text",
            "custom": false,
            "label": "Task type",
            "name": "sys_class_name",
            "optional": true,
            "type": "string"
          },
          {
            "control_type": "text",
            "custom": false,
            "label": "Created by",
            "name": "sys_created_by",
            "optional": true,
            "type": "string"
          },
          {
            "control_type": "date_time",
            "custom": false,
            "label": "Created",
            "name": "sys_created_on",
            "optional": true,
            "type": "date_time",
            "parse_output": "parse_servicenow_utc_time",
            "render_input": "render_servicenow_utc_time"
          },
          {
            "custom": false,
            "label": "Domain",
            "name": "sys_domain",
            "optional": true,
            "properties": [
              {
                "control_type": "url",
                "label": "Link",
                "optional": true,
                "type": "string",
                "name": "link"
              },
              {
                "control_type": "text",
                "label": "Value",
                "optional": true,
                "type": "string",
                "name": "value"
              }
            ],
            "type": "object"
          },
          {
            "control_type": "text",
            "custom": false,
            "label": "Domain Path",
            "name": "sys_domain_path",
            "optional": true,
            "type": "string"
          },
          {
            "control_type": "number",
            "custom": false,
            "label": "Updates",
            "name": "sys_mod_count",
            "optional": true,
            "type": "integer",
            "parse_output": "integer_conversion"
          },
          {
            "control_type": "text",
            "custom": false,
            "label": "Updated by",
            "name": "sys_updated_by",
            "optional": true,
            "type": "string"
          },
          {
            "control_type": "date_time",
            "custom": false,
            "label": "Updated",
            "name": "sys_updated_on",
            "optional": true,
            "type": "date_time",
            "parse_output": "parse_servicenow_utc_time",
            "render_input": "render_servicenow_utc_time"
          },
          {
            "control_type": "text",
            "custom": false,
            "label": "Effective number",
            "name": "task_effective_number",
            "optional": true,
            "type": "string"
          },
          {
            "control_type": "text",
            "custom": false,
            "label": "Time worked",
            "name": "time_worked",
            "optional": true,
            "type": "string"
          },
          {
            "custom": false,
            "label": "Universal Request",
            "name": "universal_request",
            "optional": true,
            "properties": [
              {
                "control_type": "url",
                "label": "Link",
                "optional": true,
                "type": "string",
                "name": "link"
              },
              {
                "control_type": "text",
                "label": "Value",
                "optional": true,
                "type": "string",
                "name": "value"
              }
            ],
            "type": "object"
          },
          {
            "control_type": "text",
            "custom": false,
            "label": "Upon approval",
            "name": "upon_approval",
            "optional": true,
            "type": "string"
          },
          {
            "control_type": "text",
            "custom": false,
            "label": "Upon reject",
            "name": "upon_reject",
            "optional": true,
            "type": "string"
          },
          {
            "control_type": "number",
            "custom": false,
            "label": "Urgency",
            "name": "urgency",
            "optional": true,
            "type": "integer",
            "parse_output": "integer_conversion"
          },
          {
            "control_type": "text",
            "custom": false,
            "label": "User input",
            "name": "user_input",
            "optional": true,
            "type": "string"
          },
          {
            "custom": false,
            "label": "Watch list",
            "name": "watch_list",
            "optional": true,
            "properties": [
              {
                "control_type": "url",
                "label": "Link",
                "optional": true,
                "type": "string",
                "name": "link"
              },
              {
                "control_type": "text",
                "label": "Value",
                "optional": true,
                "type": "string",
                "name": "value"
              }
            ],
            "type": "object"
          },
          {
            "control_type": "date_time",
            "custom": false,
            "label": "Actual end",
            "name": "work_end",
            "optional": true,
            "type": "date_time",
            "parse_output": "parse_servicenow_utc_time",
            "render_input": "render_servicenow_utc_time"
          },
          {
            "control_type": "text",
            "custom": false,
            "label": "Work notes",
            "name": "work_notes",
            "optional": true,
            "type": "string"
          },
          {
            "custom": false,
            "label": "Work notes list",
            "name": "work_notes_list",
            "optional": true,
            "properties": [
              {
                "control_type": "url",
                "label": "Link",
                "optional": true,
                "type": "string",
                "name": "link"
              },
              {
                "control_type": "text",
                "label": "Value",
                "optional": true,
                "type": "string",
                "name": "value"
              }
            ],
            "type": "object"
          },
          {
            "control_type": "date_time",
            "custom": false,
            "label": "Actual start",
            "name": "work_start",
            "optional": true,
            "type": "date_time",
            "parse_output": "parse_servicenow_utc_time",
            "render_input": "render_servicenow_utc_time"
          }
        ],
        "extended_input_schema": [
          {
            "label": "New record values",
            "name": "row",
            "properties": [
              {
                "control_type": "text",
                "label": "Caller",
                "custom": false,
                "optional": true,
                "type": "string",
                "name": "caller_id"
              },
              {
                "control_type": "text",
                "label": "Category",
                "custom": false,
                "optional": true,
                "type": "string",
                "name": "category"
              },
              {
                "control_type": "text",
                "label": "Caused by Change",
                "custom": false,
                "optional": true,
                "type": "string",
                "name": "caused_by"
              },
              {
                "control_type": "number",
                "label": "Child Incidents",
                "parse_output": "integer_conversion",
                "custom": false,
                "optional": true,
                "type": "integer",
                "name": "child_incidents"
              },
              {
                "control_type": "text",
                "label": "Close code",
                "custom": false,
                "optional": true,
                "type": "string",
                "name": "close_code"
              },
              {
                "control_type": "number",
                "label": "On hold reason",
                "parse_output": "integer_conversion",
                "custom": false,
                "optional": true,
                "type": "integer",
                "name": "hold_reason"
              },
              {
                "control_type": "number",
                "label": "Incident state",
                "parse_output": "integer_conversion",
                "custom": false,
                "optional": true,
                "type": "integer",
                "name": "incident_state"
              },
              {
                "control_type": "number",
                "label": "Notify",
                "parse_output": "integer_conversion",
                "custom": false,
                "optional": true,
                "type": "integer",
                "name": "notify"
              },
              {
                "control_type": "text",
                "label": "Parent Incident",
                "custom": false,
                "optional": true,
                "type": "string",
                "name": "parent_incident"
              },
              {
                "control_type": "text",
                "label": "Problem",
                "custom": false,
                "optional": true,
                "type": "string",
                "name": "problem_id"
              },
              {
                "control_type": "number",
                "label": "Reopen count",
                "parse_output": "integer_conversion",
                "custom": false,
                "optional": true,
                "type": "integer",
                "name": "reopen_count"
              },
              {
                "control_type": "date_time",
                "label": "Resolved",
                "render_input": "render_servicenow_utc_time",
                "parse_output": "parse_servicenow_utc_time",
                "custom": false,
                "optional": true,
                "type": "date_time",
                "name": "resolved_at"
              },
              {
                "control_type": "text",
                "label": "Resolved by",
                "custom": false,
                "optional": true,
                "type": "string",
                "name": "resolved_by"
              },
              {
                "control_type": "text",
                "label": "Change Request",
                "custom": false,
                "optional": true,
                "type": "string",
                "name": "rfc"
              },
              {
                "control_type": "number",
                "label": "Severity",
                "parse_output": "integer_conversion",
                "custom": false,
                "optional": true,
                "type": "integer",
                "name": "severity"
              },
              {
                "control_type": "text",
                "label": "Subcategory",
                "custom": false,
                "optional": true,
                "type": "string",
                "name": "subcategory"
              },
              {
                "control_type": "checkbox",
                "label": "Active",
                "render_input": {
                },
                "parse_output": {
                },
                "toggle_hint": "Select from option list",
                "toggle_field": {
                  "label": "Active",
                  "control_type": "text",
                  "toggle_hint": "Use custom value",
                  "custom": false,
                  "optional": true,
                  "type": "boolean",
                  "name": "active"
                },
                "custom": false,
                "optional": true,
                "type": "boolean",
                "name": "active"
              },
              {
                "control_type": "text",
                "label": "Activity due",
                "custom": false,
                "optional": true,
                "type": "string",
                "name": "activity_due"
              },
              {
                "control_type": "text",
                "label": "Additional assignee list",
                "custom": false,
                "optional": true,
                "type": "string",
                "name": "additional_assignee_list"
              },
              {
                "control_type": "text",
                "label": "Approval",
                "custom": false,
                "optional": true,
                "type": "string",
                "name": "approval"
              },
              {
                "control_type": "text",
                "label": "Approval history",
                "custom": false,
                "optional": true,
                "type": "string",
                "name": "approval_history"
              },
              {
                "control_type": "date_time",
                "label": "Approval set",
                "render_input": "render_servicenow_utc_time",
                "parse_output": "parse_servicenow_utc_time",
                "custom": false,
                "optional": true,
                "type": "date_time",
                "name": "approval_set"
              },
              {
                "control_type": "text",
                "label": "Assigned to",
                "custom": false,
                "optional": true,
                "type": "string",
                "name": "assigned_to"
              },
              {
                "control_type": "text",
                "label": "Assignment group",
                "custom": false,
                "optional": true,
                "type": "string",
                "name": "assignment_group"
              },
              {
                "control_type": "text",
                "label": "Service",
                "custom": false,
                "optional": true,
                "type": "string",
                "name": "business_service"
              },
              {
                "control_type": "date_time",
                "label": "Closed",
                "render_input": "render_servicenow_utc_time",
                "parse_output": "parse_servicenow_utc_time",
                "custom": false,
                "optional": true,
                "type": "date_time",
                "name": "closed_at"
              },
              {
                "control_type": "text",
                "label": "Closed by",
                "custom": false,
                "optional": true,
                "type": "string",
                "name": "closed_by"
              },
              {
                "control_type": "text",
                "label": "Close notes",
                "custom": false,
                "optional": true,
                "type": "string",
                "name": "close_notes"
              },
              {
                "control_type": "text",
                "label": "Configuration item",
                "custom": false,
                "optional": true,
                "type": "string",
                "name": "cmdb_ci"
              },
              {
                "control_type": "text",
                "label": "Additional comments",
                "custom": false,
                "optional": true,
                "type": "string",
                "name": "comments"
              },
              {
                "control_type": "text",
                "label": "Comments and Work notes",
                "custom": false,
                "optional": true,
                "type": "string",
                "name": "comments_and_work_notes"
              },
              {
                "control_type": "text",
                "label": "Company",
                "custom": false,
                "optional": true,
                "type": "string",
                "name": "company"
              },
              {
                "control_type": "text",
                "label": "Contact type",
                "custom": false,
                "optional": true,
                "type": "string",
                "name": "contact_type"
              },
              {
                "control_type": "text",
                "label": "Contract",
                "custom": false,
                "optional": true,
                "type": "string",
                "name": "contract"
              },
              {
                "control_type": "text",
                "label": "Correlation display",
                "custom": false,
                "optional": true,
                "type": "string",
                "name": "correlation_display"
              },
              {
                "control_type": "text",
                "label": "Correlation ID",
                "custom": false,
                "optional": true,
                "type": "string",
                "name": "correlation_id"
              },
              {
                "control_type": "text",
                "label": "Delivery plan",
                "custom": false,
                "optional": true,
                "type": "string",
                "name": "delivery_plan"
              },
              {
                "control_type": "text",
                "label": "Delivery task",
                "custom": false,
                "optional": true,
                "type": "string",
                "name": "delivery_task"
              },
              {
                "control_type": "text",
                "label": "Description",
                "custom": false,
                "optional": true,
                "type": "string",
                "name": "description"
              },
              {
                "control_type": "date_time",
                "label": "Due date",
                "render_input": "render_servicenow_utc_time",
                "parse_output": "parse_servicenow_utc_time",
                "custom": false,
                "optional": true,
                "type": "date_time",
                "name": "due_date"
              },
              {
                "control_type": "date_time",
                "label": "Expected start",
                "render_input": "render_servicenow_utc_time",
                "parse_output": "parse_servicenow_utc_time",
                "custom": false,
                "optional": true,
                "type": "date_time",
                "name": "expected_start"
              },
              {
                "control_type": "date_time",
                "label": "Follow up",
                "render_input": "render_servicenow_utc_time",
                "parse_output": "parse_servicenow_utc_time",
                "custom": false,
                "optional": true,
                "type": "date_time",
                "name": "follow_up"
              },
              {
                "control_type": "text",
                "label": "Group list",
                "custom": false,
                "optional": true,
                "type": "string",
                "name": "group_list"
              },
              {
                "control_type": "number",
                "label": "Impact",
                "parse_output": "integer_conversion",
                "custom": false,
                "optional": true,
                "type": "integer",
                "name": "impact"
              },
              {
                "control_type": "checkbox",
                "label": "Knowledge",
                "render_input": {
                },
                "parse_output": {
                },
                "toggle_hint": "Select from option list",
                "toggle_field": {
                  "label": "Knowledge",
                  "control_type": "text",
                  "toggle_hint": "Use custom value",
                  "custom": false,
                  "optional": true,
                  "type": "boolean",
                  "name": "knowledge"
                },
                "custom": false,
                "optional": true,
                "type": "boolean",
                "name": "knowledge"
              },
              {
                "control_type": "text",
                "label": "Location",
                "custom": false,
                "optional": true,
                "type": "string",
                "name": "location"
              },
              {
                "control_type": "checkbox",
                "label": "Made SLA",
                "render_input": {
                },
                "parse_output": {
                },
                "toggle_hint": "Select from option list",
                "toggle_field": {
                  "label": "Made SLA",
                  "control_type": "text",
                  "toggle_hint": "Use custom value",
                  "custom": false,
                  "optional": true,
                  "type": "boolean",
                  "name": "made_sla"
                },
                "custom": false,
                "optional": true,
                "type": "boolean",
                "name": "made_sla"
              },
              {
                "control_type": "text",
                "label": "Number",
                "custom": false,
                "optional": true,
                "type": "string",
                "name": "number"
              },
              {
                "control_type": "date_time",
                "label": "Opened",
                "render_input": "render_servicenow_utc_time",
                "parse_output": "parse_servicenow_utc_time",
                "custom": false,
                "optional": true,
                "type": "date_time",
                "name": "opened_at"
              },
              {
                "control_type": "text",
                "label": "Opened by",
                "custom": false,
                "optional": true,
                "type": "string",
                "name": "opened_by"
              },
              {
                "control_type": "number",
                "label": "Order",
                "parse_output": "integer_conversion",
                "custom": false,
                "optional": true,
                "type": "integer",
                "name": "order"
              },
              {
                "control_type": "text",
                "label": "Parent",
                "custom": false,
                "optional": true,
                "type": "string",
                "name": "parent"
              },
              {
                "control_type": "number",
                "label": "Priority",
                "parse_output": "integer_conversion",
                "custom": false,
                "optional": true,
                "type": "integer",
                "name": "priority"
              },
              {
                "control_type": "number",
                "label": "Reassignment count",
                "parse_output": "integer_conversion",
                "custom": false,
                "optional": true,
                "type": "integer",
                "name": "reassignment_count"
              },
              {
                "control_type": "text",
                "label": "Service offering",
                "custom": false,
                "optional": true,
                "type": "string",
                "name": "service_offering"
              },
              {
                "control_type": "text",
                "label": "Short description",
                "custom": false,
                "optional": true,
                "type": "string",
                "name": "short_description"
              },
              {
                "control_type": "text",
                "label": "SLA due",
                "custom": false,
                "optional": true,
                "type": "string",
                "name": "sla_due"
              },
              {
                "control_type": "number",
                "label": "State",
                "parse_output": "integer_conversion",
                "custom": false,
                "optional": true,
                "type": "integer",
                "name": "state"
              },
              {
                "control_type": "text",
                "label": "Task type",
                "custom": false,
                "optional": true,
                "type": "string",
                "name": "sys_class_name"
              },
              {
                "control_type": "text",
                "label": "Created by",
                "custom": false,
                "optional": true,
                "type": "string",
                "name": "sys_created_by"
              },
              {
                "control_type": "date_time",
                "label": "Created",
                "render_input": "render_servicenow_utc_time",
                "parse_output": "parse_servicenow_utc_time",
                "custom": false,
                "optional": true,
                "type": "date_time",
                "name": "sys_created_on"
              },
              {
                "control_type": "text",
                "label": "Domain",
                "custom": false,
                "optional": true,
                "type": "string",
                "name": "sys_domain"
              },
              {
                "control_type": "text",
                "label": "Domain Path",
                "custom": false,
                "optional": true,
                "type": "string",
                "name": "sys_domain_path"
              },
              {
                "control_type": "number",
                "label": "Updates",
                "parse_output": "integer_conversion",
                "custom": false,
                "optional": true,
                "type": "integer",
                "name": "sys_mod_count"
              },
              {
                "control_type": "text",
                "label": "Updated by",
                "custom": false,
                "optional": true,
                "type": "string",
                "name": "sys_updated_by"
              },
              {
                "control_type": "date_time",
                "label": "Updated",
                "render_input": "render_servicenow_utc_time",
                "parse_output": "parse_servicenow_utc_time",
                "custom": false,
                "optional": true,
                "type": "date_time",
                "name": "sys_updated_on"
              },
              {
                "control_type": "text",
                "label": "Time worked",
                "custom": false,
                "optional": true,
                "type": "string",
                "name": "time_worked"
              },
              {
                "control_type": "text",
                "label": "Universal Request",
                "custom": false,
                "optional": true,
                "type": "string",
                "name": "universal_request"
              },
              {
                "control_type": "text",
                "label": "Upon approval",
                "custom": false,
                "optional": true,
                "type": "string",
                "name": "upon_approval"
              },
              {
                "control_type": "text",
                "label": "Upon reject",
                "custom": false,
                "optional": true,
                "type": "string",
                "name": "upon_reject"
              },
              {
                "control_type": "number",
                "label": "Urgency",
                "parse_output": "integer_conversion",
                "custom": false,
                "optional": true,
                "type": "integer",
                "name": "urgency"
              },
              {
                "control_type": "text",
                "label": "User input",
                "custom": false,
                "optional": true,
                "type": "string",
                "name": "user_input"
              },
              {
                "control_type": "text",
                "label": "Watch list",
                "custom": false,
                "optional": true,
                "type": "string",
                "name": "watch_list"
              },
              {
                "control_type": "date_time",
                "label": "Actual end",
                "render_input": "render_servicenow_utc_time",
                "parse_output": "parse_servicenow_utc_time",
                "custom": false,
                "optional": true,
                "type": "date_time",
                "name": "work_end"
              },
              {
                "control_type": "text",
                "label": "Work notes",
                "custom": false,
                "optional": true,
                "type": "string",
                "name": "work_notes"
              },
              {
                "control_type": "text",
                "label": "Work notes list",
                "custom": false,
                "optional": true,
                "type": "string",
                "name": "work_notes_list"
              },
              {
                "control_type": "date_time",
                "label": "Actual start",
                "render_input": "render_servicenow_utc_time",
                "parse_output": "parse_servicenow_utc_time",
                "custom": false,
                "optional": true,
                "type": "date_time",
                "name": "work_start"
              }
            ],
            "type": "object"
          }
        ],
        "visible_config_fields": [
          "table",
          "row.correlation_id",
          "row.problem_id",
          "row.short_description",
          "row.description",
          "row.caller_id",
          "row",
          "row.category",
          "row.due_date"
        ],
        "comment": "Creating incident in ServiceNow",
        "uuid": "596c6646-08f9-4fa8-842e-df86c72b0d02"
      },
      {
        "number": 3,
        "provider": "email",
        "name": "send_mail",
        "as": "92a21871",
        "title": null,
        "description": null,
        "keyword": "action",
        "dynamicPickListSelection": {
        },
        "toggleCfg": {
        },
        "input": {
          "email_type": "html",
          "to": "#{_('data.workato.job_context.user_email')}",
          "subject": "Error in Recipe:#{_('data.workato_pub_sub.7b7ecc85.message.ErrorDescription.first.Error_Message')}",
          "body": "<!DOCTYPE html>\n<html>\n  <head>\n    <meta name=\"viewport\" content=\"width=device-width, initial-scale=1\">\n    <style>\n      table {\n        border-collapse: collapse;\n        border-spacing: 0;\n        width: 100%;\n        border: 1px solid #ddd;\n      }\n      th,\n      td {\n        text-align: left;\n        padding: 8px;\n      }\n      tr:nth-child(even) {\n        background-color: #f2f2f2\n      }\n    </style>\n  </head>\n  <body>\n    <div style=\"overflow-x:auto;\">\n      <table>\n        <tr>\n          <th>Field</th>\n          <th>Details</th>\n        </tr>\n        <tr>\n          <td>Recipe Name</td>\n          <td> #{_('data.workato_pub_sub.7b7ecc85.message.RecipeName')}</td>\n        </tr>\n        <tr>\n          <td>Recipe URL</td>\n          <td>\n            <a href=Recipe URL Properties> #{_('data.workato_pub_sub.7b7ecc85.message.ErrorDescription.first.RecipeURL')}\n          </td>\n        </tr>\n        <tr>\n          <td>Job URL</td>\n          <td>\n            <a href=Job URL Properties> #{_('data.workato_pub_sub.7b7ecc85.message.ErrorDescription.first.JobURL')} </>\n          </td>\n        </tr>\n        <tr>\n          <td>Job Date/Time</td>\n          <td> #{_('data.workato_pub_sub.7b7ecc85.message.ErrorDescription.first.JobCreatedAt')}</td>\n        </tr>\n        <tr>\n          <td>Error Message</td>\n          <td> #{_('data.workato_pub_sub.7b7ecc85.message.ErrorDescription.first.Error_Message')}</td>\n        </tr>\n        <tr>\n          <td>Error Type</td>\n          <td> #{_('data.workato_pub_sub.7b7ecc85.message.ErrorDescription.first.Error_Type')}</td>\n        </tr>\n         <tr>\n         <td>Incident No</td>\n         <td>#{_('data.service_now.458af354.task_effective_number')}</td>\n          </tr>\n           <tr>\n            <td>Service Now</td>\n            <td>#{_('data.service_now.458af354.caller_id.link')}</td>\n            </tr>\n        </table>\n    </div>\n  </body>\n</html>"
        },
        "comment": "Sending Error notification through mail",
        "uuid": "1a3212e6-95bf-4c6c-ab20-71df3e5c368f"
      }
    ],
    "comment": "Receiving New message from Workato_logger_topic",
    "uuid": "f339b2a8-0959-47c4-8fbf-eaaf44034c92"
  },
  "config": [
    {
      "keyword": "application",
      "provider": "workato_pub_sub",
      "skip_validation": false,
      "account_id": null
    },
    {
      "keyword": "application",
      "provider": "service_now",
      "skip_validation": false,
      "account_id": {
        "zip_name": "my_servicenow_account.connection.json",
        "name": "My ServiceNow account",
        "folder": ""
      }
    },
    {
      "keyword": "application",
      "provider": "logger",
      "skip_validation": false,
      "account_id": null
    },
    {
      "keyword": "application",
      "provider": "email",
      "skip_validation": false,
      "account_id": null
    }
  ]
}