{
  "name": "CommonLogger",
  "schema": [
    {
      "control_type": "text",
      "label": "Log level",
      "name": "Log_Level",
      "type": "string",
      "optional": false
    },
    {
      "name": "Message",
      "type": "array",
      "of": "object",
      "label": "Message",
      "optional": false,
      "properties": [
        {
          "control_type": "text",
          "label": "Recipe name",
          "name": "RecipeName",
          "type": "string",
          "optional": false
        },
        {
          "control_type": "text",
          "label": "Log message",
          "name": "LogMessage",
          "type": "string",
          "optional": false
        },
        {
          "control_type": "integer",
          "label": "X correlational ID",
          "parse_output": "integer_conversion",
          "name": "X_Correlational_id",
          "type": "integer",
          "optional": false
        },
        {
          "control_type": "text",
          "label": "User name",
          "name": "UserName",
          "type": "string",
          "optional": false
        }
      ]
    },
    {
      "control_type": "text",
      "label": "Debug_Payload",
      "render_input": {
      },
      "parse_output": {
      },
      "toggle_hint": "Select from option list",
      "toggle_field": {
        "label": "Debug_Payload",
        "control_type": "text",
        "toggle_hint": "Use custom value",
        "name": "Debug_Payload",
        "type": "boolean",
        "optional": false
      },
      "name": "Debug_Payload",
      "type": "boolean",
      "optional": false
    },
    {
      "name": "Debug_Message",
      "type": "array",
      "of": "object",
      "label": "Debug message",
      "optional": false,
      "properties": [
        {
          "control_type": "text",
          "label": "Recipe name",
          "name": "Recipe_Name",
          "type": "string",
          "optional": false
        },
        {
          "control_type": "text",
          "label": "Recipe URL",
          "name": "Recipe_URL",
          "type": "string",
          "optional": false
        },
        {
          "control_type": "text",
          "label": "Job URL",
          "name": "Job_URL",
          "type": "string",
          "optional": false
        },
        {
          "control_type": "text",
          "label": "Job ID",
          "name": "Job_ID",
          "type": "string",
          "optional": false
        },
        {
          "control_type": "text",
          "label": "Job created at",
          "name": "Job_Created_at",
          "type": "string",
          "optional": false
        },
        {
          "control_type": "text",
          "label": "Request payload",
          "name": "Request_Payload",
          "type": "string",
          "optional": true
        },
        {
          "control_type": "text",
          "label": "Response payload",
          "name": "Response_Payload",
          "type": "string",
          "optional": true
        },
        {
          "control_type": "integer",
          "label": "Status code",
          "parse_output": "integer_conversion",
          "name": "Status_Code",
          "type": "integer",
          "optional": true
        },
        {
          "control_type": "text",
          "label": "X correlational ID",
          "name": "X_Correlational_ID",
          "type": "string",
          "optional": false
        },
        {
          "control_type": "text",
          "label": "UserName",
          "name": "UserName",
          "type": "string",
          "optional": false
        }
      ]
    }
  ]
}