{
  "name": "Common error Logger",
  "schema": [
    {
      "control_type": "text",
      "label": "Log level",
      "name": "LogLevel",
      "type": "string",
      "optional": false
    },
    {
      "control_type": "text",
      "label": "Recipe",
      "name": "RecipeName",
      "type": "string",
      "optional": false
    },
    {
      "name": "ErrorDescription",
      "type": "array",
      "of": "object",
      "label": "Error description",
      "optional": false,
      "properties": [
        {
          "control_type": "text",
          "label": "Error message",
          "name": "Error_Message",
          "type": "string",
          "optional": false
        },
        {
          "control_type": "text",
          "label": "Error type",
          "name": "Error_Type",
          "type": "string",
          "optional": false
        },
        {
          "control_type": "text",
          "label": "RetryCount",
          "parse_output": "integer_conversion",
          "name": "RetryCount",
          "type": "integer",
          "optional": false
        },
        {
          "control_type": "text",
          "label": "Recipe URL",
          "name": "RecipeURL",
          "type": "string",
          "optional": false
        },
        {
          "control_type": "text",
          "label": "Job URL",
          "name": "JobURL",
          "type": "string",
          "optional": false
        },
        {
          "control_type": "text",
          "label": "Job created at",
          "name": "JobCreatedAt",
          "type": "string",
          "optional": false
        },
        {
          "control_type": "text",
          "label": "Correlational ID",
          "name": "correlational_id",
          "type": "string",
          "optional": false
        }
      ]
    }
  ]
}