{
  "name": "Common  Logger",
  "description": "When there is a trigger event, do action",
  "version": 22,
  "private": false,
  "concurrency": 1,
  "code": {
    "number": 0,
    "provider": "workato_pub_sub",
    "name": "subscribe_to_topic",
    "as": "bc364118",
    "title": null,
    "description": "New <span class=\"provider\">message</span> in <span class=\"provider\">CommonLogger</span> PubSub topic",
    "keyword": "trigger",
    "dynamicPickListSelection": {
      "topic_id": "CommonLogger"
    },
    "toggleCfg": {
    },
    "input": {
      "since_offset": "-3600",
      "topic_id": {
        "zip_name": "commonlogger.topic.json",
        "name": "CommonLogger",
        "folder": ""
      }
    },
    "extended_output_schema": [
      {
        "label": "Message",
        "name": "message",
        "properties": [
          {
            "control_type": "text",
            "label": "Log level",
            "name": "Log_Level",
            "optional": false,
            "type": "string"
          },
          {
            "name": "Message",
            "type": "array",
            "of": "object",
            "label": "Message",
            "optional": false,
            "properties": [
              {
                "control_type": "text",
                "label": "Recipe name",
                "name": "RecipeName",
                "optional": false,
                "type": "string"
              },
              {
                "control_type": "text",
                "label": "Log message",
                "name": "LogMessage",
                "optional": false,
                "type": "string"
              },
              {
                "control_type": "integer",
                "label": "X correlational ID",
                "parse_output": "integer_conversion",
                "name": "X_Correlational_id",
                "optional": false,
                "type": "integer"
              },
              {
                "control_type": "text",
                "label": "User name",
                "name": "UserName",
                "optional": false,
                "type": "string"
              }
            ]
          },
          {
            "control_type": "text",
            "label": "Debug_Payload",
            "render_input": {
            },
            "parse_output": {
            },
            "toggle_hint": "Select from option list",
            "toggle_field": {
              "label": "Debug_Payload",
              "control_type": "text",
              "toggle_hint": "Use custom value",
              "name": "Debug_Payload",
              "optional": false,
              "type": "boolean"
            },
            "name": "Debug_Payload",
            "optional": false,
            "type": "boolean"
          },
          {
            "name": "Debug_Message",
            "type": "array",
            "of": "object",
            "label": "Debug message",
            "optional": false,
            "properties": [
              {
                "control_type": "text",
                "label": "Recipe name",
                "name": "Recipe_Name",
                "optional": false,
                "type": "string"
              },
              {
                "control_type": "text",
                "label": "Recipe URL",
                "name": "Recipe_URL",
                "optional": false,
                "type": "string"
              },
              {
                "control_type": "text",
                "label": "Job URL",
                "name": "Job_URL",
                "optional": false,
                "type": "string"
              },
              {
                "control_type": "text",
                "label": "Job ID",
                "name": "Job_ID",
                "optional": false,
                "type": "string"
              },
              {
                "control_type": "text",
                "label": "Job created at",
                "name": "Job_Created_at",
                "optional": false,
                "type": "string"
              },
              {
                "control_type": "text",
                "label": "Request payload",
                "name": "Request_Payload",
                "optional": true,
                "type": "string"
              },
              {
                "control_type": "text",
                "label": "Response payload",
                "name": "Response_Payload",
                "optional": true,
                "type": "string"
              },
              {
                "control_type": "integer",
                "label": "Status code",
                "parse_output": "integer_conversion",
                "name": "Status_Code",
                "optional": true,
                "type": "integer"
              },
              {
                "control_type": "text",
                "label": "X correlational ID",
                "name": "X_Correlational_ID",
                "optional": false,
                "type": "string"
              },
              {
                "control_type": "text",
                "label": "UserName",
                "name": "UserName",
                "optional": false,
                "type": "string"
              }
            ]
          }
        ],
        "type": "object"
      }
    ],
    "block": [
      {
        "number": 1,
        "keyword": "if",
        "dynamicPickListSelection": {
        },
        "toggleCfg": {
        },
        "input": {
          "type": "compound",
          "operand": "and",
          "conditions": [
            {
              "operand": "is_true",
              "lhs": "=_('data.workato.job_context.account_properties.debugFlag', 'account_property', 'debugFlag').is_true?",
              "rhs": "true",
              "uuid": "condition-ccdc64b8-cf26-4dd6-a4b0-99739a4ab071"
            },
            {
              "operand": "contains",
              "lhs": "#{_('data.workato.job_context.account_properties.RecipeName', 'account_property', 'RecipeName')}",
              "rhs": "#{_('data.workato_pub_sub.bc364118.message.Message.first.RecipeName')}",
              "uuid": "condition-3a540be4-9da9-4536-86a2-466d80c5c95e"
            }
          ]
        },
        "block": [
          {
            "number": 2,
            "provider": "logger",
            "name": "log_message",
            "as": "1cfc6194",
            "title": null,
            "description": "Log <span class=\"provider\">message</span> to <span class=\"provider\">Job report</span>",
            "keyword": "action",
            "dynamicPickListSelection": {
            },
            "toggleCfg": {
            },
            "input": {
              "message": "=_('data.workato_pub_sub.bc364118.message.Debug_Payload')\n_('data.workato_pub_sub.bc364118.message.Debug_Message')"
            },
            "comment": "Printing message according to previous condition",
            "uuid": "05ddc71b-8ad1-4859-b3d9-3ad2c8ea5d09"
          },
          {
            "number": 3,
            "keyword": "else",
            "dynamicPickListSelection": {
            },
            "toggleCfg": {
            },
            "input": {
            },
            "block": [
              {
                "number": 4,
                "provider": "logger",
                "name": "log_message",
                "as": "93192361",
                "title": null,
                "description": "Log <span class=\"provider\">message</span> to <span class=\"provider\">Job report</span>",
                "keyword": "action",
                "dynamicPickListSelection": {
                },
                "toggleCfg": {
                },
                "input": {
                  "message": "=_('data.workato_pub_sub.bc364118.message.Log_Level')\n_('data.workato_pub_sub.bc364118.message.Message')"
                },
                "comment": "Printing message if previous condition not met",
                "uuid": "3ce2e276-40f4-48af-897c-cdd491cadddc"
              }
            ],
            "comment": "Global exception handler catch box",
            "uuid": "edd8370a-0d19-46ea-a1c4-c2e1c5cb8c7f"
          }
        ],
        "comment": "Validating  debugFlag true or not and RecipeName contain recipe name  or not",
        "uuid": "15ae3f5c-1e43-42f8-8c61-b814c837965c"
      }
    ],
    "comment": "Receiving New message from Workato_logger_topic",
    "uuid": "b8cbdcde-48d3-4f7c-bdd7-6f3fe7eb9e9a"
  },
  "config": [
    {
      "keyword": "application",
      "provider": "logger",
      "skip_validation": false,
      "account_id": null
    },
    {
      "keyword": "application",
      "provider": "workato_pub_sub",
      "skip_validation": false,
      "account_id": null
    }
  ]
}